Run,Seed,x1,x2,f(x),Evaluations
1,1001,-0.000000,-0.000000,1.776357e-13,19900
2,1002,0.000000,-0.000000,1.776357e-13,19900
3,1003,-0.000000,-0.000000,1.776357e-13,19900
4,1004,-0.000000,-0.000000,1.776357e-13,19900
5,1005,-0.000000,0.000000,1.776357e-13,19900
6,1006,0.000000,-0.000000,1.776357e-13,19900
7,1007,0.000000,0.000000,1.776357e-13,19900
8,1008,0.000000,0.000000,1.776357e-13,19900
9,1009,0.000000,0.000000,1.776357e-13,19900
10,1010,0.000000,-0.000000,1.776357e-13,19900
11,1011,-0.000000,-0.000000,1.776357e-13,19900
12,1012,-0.000000,0.000000,1.776357e-13,19900
13,1013,0.000000,0.000000,1.776357e-13,19900
14,1014,-0.000000,0.000000,1.776357e-13,19900
15,1015,0.000000,0.000000,1.776357e-13,19900
16,1016,-0.000000,-0.000000,1.776357e-13,19900
17,1017,0.000000,-0.000000,1.776357e-13,19900
18,1018,0.000000,0.000000,1.776357e-13,19900
19,1019,-0.000000,-0.000000,1.776357e-13,19900
20,1020,-0.000000,0.000000,1.776357e-13,19900
21,1021,-0.000000,0.000000,1.776357e-13,19900
22,1022,0.000000,-0.000000,1.776357e-13,19900
23,1023,-0.000000,-0.000000,1.776357e-13,19900
24,1024,0.000000,0.000000,1.776357e-13,19900
25,1025,-0.000000,0.000000,1.776357e-13,19900
26,1026,0.000000,0.000000,1.776357e-13,19900
27,1027,0.000000,0.000000,1.776357e-13,19900
28,1028,0.000000,-0.000000,1.776357e-13,19900
29,1029,-0.000000,0.000000,1.776357e-13,19900
30,1030,-0.000000,-0.000000,1.776357e-13,19900
